Key,Name,Row May18,Field,May17,May18
aakanksha chopra,Aakanksha Chopra,210,Seat 18th 3am,26 - Truth,25 - Truth
aakash khokher,Mr Aakash Khokher,2,India / International,,India
aanushka ramesh,Ms Aanushka Ramesh,211,Seat 18th 3am,26 - Gratitude,25 - Gratitude
aanushka ramesh,Ms Aanushka Ramesh,211,India / International,,India
aaron papi,Aaron Papi,212,Seat 18th 3am,26 - Forgiveness,25 - Forgiveness
aatmn parmar,Ms Aatmn Parmar,213,Seat 18th 3am,26 - Love,25 - Love
aatmn parmar,Ms Aatmn Parmar,213,India / International,,India
abbas master,Mr Abbas Master,214,Seat 18th 3am,26 - Humility,25 - Giving
abbas master,Mr Abbas Master,214,India / International,,India
abdul shinyas salim,Mr Abdul Shinyas Salim,215,Seat 18th 3am,26 - Giving,25 - Humility
abdul shinyas salim,Mr Abdul Shinyas Salim,215,India / International,,Canada
abhijit shyamsunder bopardikar dr,Dr Abhijit Shyamsunder Bopardikar,21,India / International,,India
abhishek karnani,Mr Abhishek Karnani,22,India / International,,India
abhishek verma dr,Dr Abhishek Verma,23,India / International,,India
acharya balkrishna,Acharya Balkrishna,24,Speaking,,Panel 3
acharya balkrishna,Acharya Balkrishna,24,India / International,,India
acharya lokesh muni jain,Acharya Lokesh Muni Jain,25,Speaking,,Panel 1 + Religion - Jainism
acharya lokesh muni jain,Acharya Lokesh Muni Jain,25,India / International,,India
achyuta samanta prof,Professor Achyuta Samanta,513,India / International,,India
adithya reddy,Mr. Adithya Reddy,216,Seat 18th 3am,26 - Patience,25 - Patience
aditi r karad dr,Dr Aditi R Karad,217,Seat 18th 3am,26 - Peace,25 - IAPM
aditi tatkare hon ble,Hon'ble Smt Aditi Tatkare,26,Seat 18th 3am,2 - Truth,1 - IAPM
aditya kapoor,Mr Aditya Kapoor,218,Seat 18th 3am,27 - Truth,28 - Truth
aditya kapoor,Mr Aditya Kapoor,218,India / International,,India
aditya vijay kashyap dr,Dr Aditya Vijay Kashyap,27,Seat 18th 3am,2 - Gratitude,2 - Truth
aditya vijay kashyap dr,Dr Aditya Vijay Kashyap,27,India / International,,India
adrish ghosh,Mr Adrish Ghosh,219,Seat 18th 3am,27 - Gratitude,28 - Gratitude
adrish ghosh,Mr Adrish Ghosh,219,India / International,,India
adwik bollineni,Adwik Bollineni,28,Seat 18th 3am,,2 - Gratitude
afzal,Afzal,451,Seat 18th 3am,-,54 -
ahmar bubere,Mr Ahmar Bubere,220,Seat 18th 3am,27 - Forgiveness,28 - Forgiveness
ahmar bubere,Mr Ahmar Bubere,220,India / International,,India
ailene kelese,Ms. Ailene Kelese,221,Seat 18th 3am,27 - Love,28 - Love
aishwarya majmudar,Ms Aishwarya Majmudar,29,Seat 18th 3am,2 - Love,2 - Forgiveness
akbar khan,Mr Akbar Khan,30,Seat 18th 3am,2 - Giving,2 - Love
akbar khan,Mr Akbar Khan,30,India / International,,India
akbar sami,Mr Akbar Sami,31,Seat 18th 3am,2 - Humility,2 - Giving
akbar sami,Mr Akbar Sami,31,India / International,,India
akhil gupta,Mr Akhil Gupta,32,Seat 18th 3am,2 - Patience,2 - Humility
akhil gupta,Mr Akhil Gupta,32,India / International,,India
akhil khanna,Mr Akhil Khanna,33,Seat 18th 3am,3 - Truth,2 - Patience
alifiya rizvi dr,Dr Alifiya Rizvi,222,Seat 18th 3am,27 - Humility,28 - Giving
ameya a chandavarkar,Mr Ameya A. Chandavarkar,514,India / International,,India
ameya chavhan,Mr. Ameya Chavhan,223,Seat 18th 3am,27 - Giving,28 - Humility
amit j dholakia,Mr Amit J. Dholakia,35,Seat 18th 3am,3 - Forgiveness,3 - Truth
amit j dholakia,Mr Amit J. Dholakia,35,India / International,,India
amita kshatriya,Ms Amita Kshatriya,225,Seat 18th 3am,27 - Peace,28 - IAPM
amita kshatriya,Ms Amita Kshatriya,225,India / International,,India
ammin umer rajqotwala,Mr Ammin Umer Rajqotwala,226,Seat 18th 3am,28 - Truth,29 - Truth
ammin umer rajqotwala,Mr Ammin Umer Rajqotwala,226,India / International,,India
amole singh,•⁠ ⁠⁠Amole Singh,227,Seat 18th 3am,28 - Gratitude,29 - Gratitude
amrik singh,Amrik Singh,3,India / International,,India
amrish patel,Mr Amrish Patel,37,Seat 18th 3am,3 - Giving,3 - Forgiveness
anand goyal,•⁠ ⁠⁠Anand Goyal,228,Seat 18th 3am,28 - Forgiveness,29 - Forgiveness
andre timmins,Andre Timmins,38,Seat 18th 3am,,3 - Love
aniket karia,Aniket Karia,455,Seat 18th 3am,-,55 -
anjali atha,Ms Anjali Atha (check),229,Seat 18th 3am,28 - Love,29 - Love
ankita pawar,Ankita Pawar,230,Seat 18th 3am,28 - Humility,29 - Giving
ankita thakkar,Ankita Thakkar,449,Category Final,Event,Media
ankita thakkar,Ankita Thakkar,449,Seat 18th 3am,,27 -
anna bansode hon ble,Hon'ble Shri Anna Bansode,39,Seat 18th 3am,3 - Patience,3 - Giving
anna bansode hon ble,Hon'ble Shri Anna Bansode,39,India / International,,India
annapurna das,Ms Annapurna Das,231,Seat 18th 3am,28 - Giving,29 - Humility
annapurna das,Ms Annapurna Das,231,India / International,,India
antonette jesumani fsp,Sr (Dr) Antonette Jesumani FSP,181,Seat 18th 3am,22 - Love,21 - Love
antonette jesumani fsp,Sr (Dr) Antonette Jesumani FSP,181,Speaking,,Panel 1
antonette jesumani fsp,Sr (Dr) Antonette Jesumani FSP,181,India / International,,India
anup dandvani,Mr Anup Dandvani,232,Seat 18th 3am,28 - Patience,29 - Patience
anup dandvani,Mr Anup Dandvani,232,India / International,,India
anup kumar singh ips,"Mr Anup Kumar Singh, IPS",40,Seat 18th 3am,4 - Truth,3 - Humility
anup kumar singh ips,"Mr Anup Kumar Singh, IPS",40,India / International,,India
anushi patel,Ms Anushi Patel,233,Seat 18th 3am,28 - Peace,29 - IAPM
anushi patel,Ms Anushi Patel,233,India / International,,India
arabic interpreter,Arabic Interpreter,4,India / International,,India
arif fazlani,Mr Arif Fazlani,41,Seat 18th 3am,4 - Gratitude,3 - Patience
arif fazlani,Mr Arif Fazlani,41,India / International,,India
arshi ayub dr,Dr Arshi Ayub,42,Seat 18th 3am,4 - Forgiveness,3 - IAPM
asha sharma,Ms Asha Sharma,43,Seat 18th 3am,4 - Love,4 - Truth
asha sharma,Ms Asha Sharma,43,India / International,,UAE
ashdeen z lilaowala,Ashdeen Z. Lilaowala,44,Seat 18th 3am,4 - Giving,4 - Gratitude
ashdeen z lilaowala,Ashdeen Z. Lilaowala,44,India / International,,India
ashish pednekar,Mr Ashish Pednekar,45,Seat 18th 3am,4 - Humility,4 - Forgiveness
ashish pednekar,Mr Ashish Pednekar,45,India / International,,India
ashish shelar,Ashish Shelar,46,Seat 18th 3am,4 - Patience,4 - Love
ashok jiravala,Ashok Jiravala,47,Seat 18th 3am,5 - Truth,4 - Giving
ashwin sanghi,Mr Ashwin Sanghi,48,Seat 18th 3am,5 - Gratitude,4 - Humility
asif ayoob,Er Asif Ayoob,234,Seat 18th 3am,29 - Truth,30 - Truth
atheka mehta,•⁠ ⁠⁠Atheka Mehta,235,Seat 18th 3am,29 - Gratitude,30 - Gratitude
atul mahajan,Mr Atul Mahajan,236,Seat 18th 3am,29 - Forgiveness,30 - Forgiveness
atul mahajan,Mr Atul Mahajan,236,India / International,,India
atul nisar,Atul Nisar,49,Seat 18th 3am,5 - Forgiveness,4 - Patience
avinash k dhakne ias dr,"Dr Avinash K. Dhakne, IAS",50,Seat 18th 3am,5 - Love,4 - IAPM
avinash k dhakne ias dr,"Dr Avinash K. Dhakne, IAS",50,India / International,,India
ayaan sood,Ayaan Sood,51,Seat 18th 3am,,5 - Truth
baqar nasser,Mr Baqar Nasser,237,Seat 18th 3am,29 - Love,30 - Love
baqar nasser,Mr Baqar Nasser,237,India / International,,India
basab b paul,Mr Basab B. Paul,53,Seat 18th 3am,5 - Humility,5 - Forgiveness
basab b paul,Mr Basab B. Paul,53,India / International,,India
bhagwat kishanrao karad dr,Dr Bhagwat Kishanrao Karad,54,Seat 18th 3am,5 - Patience,5 - Love
bhagwat kishanrao karad dr,Dr Bhagwat Kishanrao Karad,54,Speaking,,Speak?
bhagwat kishanrao karad dr,Dr Bhagwat Kishanrao Karad,54,India / International,,India
bharat ajwani,Mr. Bharat Ajwani,239,Seat 18th 3am,29 - Humility,30 - Humility
bharat kakadia,Mr Bharat Kakadia,55,Seat 18th 3am,6 - Truth,5 - Giving
bharat kakadia,Mr Bharat Kakadia,55,India / International,,India
bhavin parekh,Bhavin Parekh,206,Category Final,Late Peace Guest,Guest of Honour
bhavin parekh,Bhavin Parekh,206,Seat 18th 3am,51 - Giving,24 - Giving
bhupesh kumar,Mr Bhupesh Kumar,240,Seat 18th 3am,29 - Giving,30 - Patience
bhupesh kumar,Mr Bhupesh Kumar,240,India / International,,India
bhupesh pandey adv,Adv. Bhupesh Pandey,241,Seat 18th 3am,29 - Patience,30 - IAPM
bhupesh pandey adv,Adv. Bhupesh Pandey,241,India / International,,India
bineet agarwal,Bineet Agarwal,416,Seat 18th 3am,51 - Love,52 - IAPM
bineet agarwal,Bineet Agarwal,416,Connected by,,Nikhil Mathur
boman irani,Mr Boman Irani,57,Seat 18th 3am,6 - Gratitude,5 - Patience
boman irani,Mr Boman Irani,57,Speaking,,Speak?
boman irani,Mr Boman Irani,57,India / International,,India
boniface gambila adagbila h e,H.E. Boniface Gambila Adagbila,242,Seat 18th 3am,29 - Peace,31 - Truth
boniface gambila adagbila h e,H.E. Boniface Gambila Adagbila,242,India / International,,Ghana
brijesh dholakia,Mr Brijesh Dholakia,243,Seat 18th 3am,30 - Truth,31 - Gratitude
brijesh dholakia,Mr Brijesh Dholakia,243,India / International,,India
bu abdullah dr,Dr Bu Abdullah (Yaqoub Mousa Mohammed Hussain Almaazmi),58,Seat 18th 3am,6 - Forgiveness,5 - IAPM
bu abdullah dr,Dr Bu Abdullah (Yaqoub Mousa Mohammed Hussain Almaazmi),58,India / International,,UAE
burjis nadir godrej,Mr Burjis Nadir Godrej,60,Seat 18th 3am,6 - Love,6 - Gratitude
burjis nadir godrej,Mr Burjis Nadir Godrej,60,Speaking,,Panel 3
burjis nadir godrej,Mr Burjis Nadir Godrej,60,India / International,,India
c jayakumar dr,Dr. C Jayakumar,244,Seat 18th 3am,30 - Gratitude,31 - Forgiveness
carol marcal,Carol Marcal,245,Seat 18th 3am,30 - Forgiveness,31 - Love
chandan agarwal dr,Dr Chandan Agarwal,61,Seat 18th 3am,6 - Giving,6 - Forgiveness
chandan agarwal dr,Dr Chandan Agarwal,61,India / International,,India
chandraprakash siroya,Mr Chandraprakash Dheerajmal Siroya,246,Seat 18th 3am,30 - Love,31 - Giving
chandraprakash siroya,Mr Chandraprakash Dheerajmal Siroya,246,India / International,,UAE
chintan a patel,Mr Chintan A. Patel,62,Seat 18th 3am,6 - Humility,6 - Love
chintan a patel,Mr Chintan A. Patel,62,India / International,,India
chirag doshi,Mr Chirag Doshi,247,Seat 18th 3am,30 - Humility,31 - Humility
chirag doshi,Mr Chirag Doshi,247,India / International,,India
chirag paswan,Shri Chirag Paswan,506,Award Category (where applicable),Justice & Peace,Justice & Peace XXX
chirag paswan,Shri Chirag Paswan,506,India / International,,India
chirag paswan accompany,Shri Chirag Paswan - Accompany,507,Speaking,,CG
chirag paswan accompany,Shri Chirag Paswan - Accompany,507,India / International,,India
chirag warty,Mr Chirag Warty,248,Seat 18th 3am,30 - Giving,31 - Patience
chirag warty,Mr Chirag Warty,248,India / International,,India
christopher abraham dr,"⁠Dr. Christopher Abraham, PhD., FCIM",249,Seat 18th 3am,30 - Patience,31 - IAPM
christopher lopes,Mr Christopher Lopes,250,Seat 18th 3am,30 - Peace,32 - Truth
cimran ahuja,Cimran Ahuja,502,Category Final,Event,Media
cimran ahuja,Cimran Ahuja,502,Seat 18th 3am,,-
dakshesh shah,Mr Dakshesh Shah,63,Seat 18th 3am,6 - Patience,6 - Giving
dakshesh shah,Mr Dakshesh Shah,63,India / International,,India
debolina partap,Ms Debolina Partap,251,Seat 18th 3am,31 - Truth,32 - Gratitude
debolina partap,Ms Debolina Partap,251,India / International,,India
deena mehta,Ms Deena Mehta,64,Seat 18th 3am,7 - Truth,6 - Humility
deepak kumar thakur,Mr Deepak Kumar Thakur,508,Award Category (where applicable),Business,Business XXX
deepak kumar thakur,Mr Deepak Kumar Thakur,508,India / International,,India
deepak namjoshi dr,Dr Deepak Namjoshi,65,Seat 18th 3am,7 - Gratitude,6 - Patience
deepak namjoshi dr,Dr Deepak Namjoshi,65,India / International,,India
deepak sharma,Mr Deepak Sharma,66,Seat 18th 3am,7 - Forgiveness,6 - IAPM
deepak sharma,Mr Deepak Sharma,66,India / International,,India
devki nandan thakurji,Sh. Devki Nandan Thakur Ji,517,India / International,,India
dhawal cheda,Mr Dhawal Cheda,252,Seat 18th 3am,31 - Gratitude,32 - Forgiveness
dhawal cheda,Mr Dhawal Cheda,252,India / International,,India
dheeraj kumar,Dheeraj Kumar,253,Seat 18th 3am,31 - Forgiveness,32 - Love
dhiraj deshmukh,Mr Dhiraj Deshmukh,67,Seat 18th 3am,7 - Love,7 - Truth
dhiraj deshmukh,Mr Dhiraj Deshmukh,67,India / International,,India
dhruv goyal,Mr Dhruv Goyal,254,Seat 18th 3am,31 - Love,32 - Giving
dhruv goyal,Mr Dhruv Goyal,254,India / International,,India
dhruv kapoor,Dhruv Kapoor,518,Speaking,,Religion - Hinduism
dilkhush rizvi,Ms. Dilkhush Rizvi,255,Seat 18th 3am,31 - Humility,32 - Humility
disha beria,Ms Disha Beria,257,Seat 18th 3am,31 - Giving,32 - IAPM
disha beria,Ms Disha Beria,257,India / International,,India
dravya s dholakia,Dravya S Dholakia,258,Seat 18th 3am,31 - Patience,33 - Truth
dravya s dholakia,Dravya S Dholakia,258,India / International,,India
eduardo,Eduardo,259,Seat 18th 3am,31 - Peace,33 - Gratitude
edurdo marcal,Edurdo Marcal,260,Seat 18th 3am,32 - Truth,33 - Forgiveness
fatema bootwala,Ms Fatema Bootwala,261,Seat 18th 3am,32 - Gratitude,33 - Love
fatema bootwala,Ms Fatema Bootwala,261,India / International,,India
faustin archange touad ra h e,H.E. Prof Faustin-Archange Touadéra,533,India / International,,Central African Republic
fernanda cecilio,Ms. Fernanda Cecilio,68,Seat 18th 3am,7 - Giving,7 - Gratitude
firoz mosin bootwala,Mr Firoz Mosin Bootwala,262,Seat 18th 3am,32 - Forgiveness,33 - Giving
firoz mosin bootwala,Mr Firoz Mosin Bootwala,262,India / International,,India
francis savio lobo,Francis Savio Lobo,263,Seat 18th 3am,32 - Love,33 - Humility
francis savio lobo,Francis Savio Lobo,263,India / International,,India
g d singh dr,Dr G. D. Singh,264,Seat 18th 3am,32 - Humility,33 - Patience
g d singh dr,Dr G. D. Singh,264,India / International,,India
gagan mahotra,Mr Gagan Mahotra,265,Seat 18th 3am,32 - Giving,33 - IAPM
gagan mahotra,Mr Gagan Mahotra,265,India / International,,India
gagan malik,Gagan Malik,266,Seat 18th 3am,32 - Patience,34 - Truth
gagandeep singh dr,Dr Gagandeep Singh,267,Seat 18th 3am,32 - Peace,34 - Gratitude
gagandeep singh dr,Dr Gagandeep Singh,267,India / International,,India
gaj singh ii h h,H.H. Maharaja Gaj Singh II,527,India / International,,India
ganesh nibe,Mr. Ganesh Nibe,70,Seat 18th 3am,7 - Humility,7 - Love
gaurav,Mr Gaurav,268,Seat 18th 3am,33 - Truth,34 - Forgiveness
genelia deshmukh,Genelia Deshmukh,71,Seat 18th 3am,7 - Patience,7 - Giving
gopal wamane prof,Prof. Gopal Wamane,269,Seat 18th 3am,33 - Gratitude,34 - Love
grigorii pelman,Mr Grigorii Pelman,5,Speaking,,Nobel
grigorii pelman,Mr Grigorii Pelman,5,India / International,,Russia
gulabrao raghunath patil hon ble,Hon'ble Shri Gulabrao Raghunath Patil,72,Seat 18th 3am,8 - Truth,7 - Humility
gulabrao raghunath patil hon ble,Hon'ble Shri Gulabrao Raghunath Patil,72,India / International,,India
gundip singh saluja,Gundip Singh Saluja,463,Seat 18th 3am,-,55 -
gustavo,Gustavo,270,Seat 18th 3am,33 - Forgiveness,34 - Giving
haccine abassi,Mr Haccine Abassi,6,Speaking,,Nobel
haccine abassi,Mr Haccine Abassi,6,India / International,,Tunisia
hana nakhwa,Hana Nakhwa,450,Category Final,Event,Media
hana nakhwa,Hana Nakhwa,450,Seat 18th 3am,,-
harbhajan singh,Mr Harbhajan Singh,75,Seat 18th 3am,8 - Gratitude,8 - Truth
harbhajan singh,Mr Harbhajan Singh,75,Speaking,,Speak?
harbhajan singh,Mr Harbhajan Singh,75,India / International,,India
harindra singh,Harindra Singh,271,Seat 18th 3am,33 - Love,34 - Humility
harjeet singh anand dr,Dr Harjeet Singh Anand,272,Seat 18th 3am,33 - Humility,34 - Patience
harjeet singh anand dr,Dr Harjeet Singh Anand,272,India / International,,India
harsh khurana,Mr Harsh Khurana,273,Seat 18th 3am,33 - Giving,34 - IAPM
harsh khurana,Mr Harsh Khurana,273,India / International,,India
hemal modi,Mr Hemal Modi,274,Seat 18th 3am,33 - Patience,35 - Truth
hemal modi,Mr Hemal Modi,274,India / International,,India
himanshu dave,Mr Himanshu Dave,275,Seat 18th 3am,33 - Peace,35 - Gratitude
himanshu dave,Mr Himanshu Dave,275,India / International,,India
hong,Mrs. Hong,276,Seat 18th 3am,34 - Truth,35 - Forgiveness
hormazd godrej,Mr Hormazd Godrej,79,India / International,,India
hussain mansuri,Hussain Mansuri,80,Seat 18th 3am,,8 - Humility
hussain mansuri accompany,Hussain Mansuri ACCOMPANY,417,Seat 18th 3am,51 - Humility,53 - Truth
imran reza ansari molvi,Molvi Imran Reza Ansari,81,India / International,,India
irfan ansari,Mr Irfan Ansari,277,Seat 18th 3am,34 - Gratitude,35 - Love
irfan ansari,Mr Irfan Ansari,277,India / International,,India
ishan jain,Mr Ishan Jain,522,India / International,,India
ishan singh,Mr Ishan Singh,278,Seat 18th 3am,34 - Forgiveness,35 - Giving
ishan singh,Mr Ishan Singh,278,India / International,,India
jaan nissar lone dr,Dr Jaan Nissar Lone,82,Seat 18th 3am,,8 - IAPM
jaaved jaaferi,Mr Jaaved Jaaferi,83,Seat 18th 3am,9 - Gratitude,9 - Truth
jaaved jaaferi,Mr Jaaved Jaaferi,83,India / International,,India
jasbir singh chopra,Jasbir Singh Chopra,8,India / International,,India
jaykumar jitendrasinh rawal hon ble,Hon'ble Shri Jaykumar Jitendrasinh Rawal,84,Seat 18th 3am,9 - Forgiveness,9 - Gratitude
jaykumar jitendrasinh rawal hon ble,Hon'ble Shri Jaykumar Jitendrasinh Rawal,84,India / International,,India
jayshree pariwal,Jayshree Pariwal,85,Seat 18th 3am,9 - Love,9 - Forgiveness
jc choudhary,Jc choudhary,86,Seat 18th 3am,9 - Giving,9 - Love
jesus lall,Mr Jesus Lall,87,Seat 18th 3am,9 - Humility,9 - Giving
jesus lall,Mr Jesus Lall,87,India / International,,India
jinay sharma,Mr Jinay Sharma,279,Seat 18th 3am,34 - Love,35 - Humility
jinay sharma,Mr Jinay Sharma,279,India / International,,India
jishnu dev varma,Shri Jishnu Dev Varma,9,Speaking,,CG
jishnu dev varma,Shri Jishnu Dev Varma,9,India / International,,India
jishnu dev varma accompany,Shri Jishnu Dev Varma - Accompany,10,India / International,,India
joy waqa,Mrs. Joy Waqa,280,Seat 18th 3am,34 - Humility,35 - Patience
joydeep beeharry,Mr Joydeep Beeharry,281,Seat 18th 3am,34 - Giving,35 - IAPM
joydeep beeharry,Mr Joydeep Beeharry,281,India / International,,Mauritius
juzar khorakiwala,Mr. Juzar Khorakiwala,88,Seat 18th 3am,9 - Patience,9 - Humility
k l ganju he,HE K.L. Ganju,89,Seat 18th 3am,10 - Truth,9 - Patience
k l ganju he,HE K.L. Ganju,89,India / International,,India
k s rana dr,Dr. K.S. Rana,283,Seat 18th 3am,34 - Peace,36 - Gratitude
k s shetty,Mr. K S Shetty,282,Seat 18th 3am,34 - Patience,36 - Truth
kailash satyarthi,Shri Kailash Satyarthi,11,Speaking,,Nobel
kailash satyarthi,Shri Kailash Satyarthi,11,India / International,,India
kaio neves,Kaio Neves,284,Seat 18th 3am,35 - Truth,36 - Forgiveness
kalyani jadav,Mr Kalyani Jadav,285,Seat 18th 3am,35 - Gratitude,36 - Love
kalyani jadav,Mr Kalyani Jadav,285,India / International,,India
kamal narayan omer,Mr Kamal Narayan Omer,286,Seat 18th 3am,35 - Forgiveness,36 - Giving
kamal narayan omer,Mr Kamal Narayan Omer,286,India / International,,India
kamna shukla,Kamna Shukla,287,Seat 18th 3am,35 - Love,36 - Humility
kane amandus h e,H.E Kane Amandus,288,Seat 18th 3am,35 - Humility,36 - Patience
kanwaldeep singh bedi,Kanwaldeep Singh Bedi,470,Seat 18th 3am,-,55 -
kapil jaykumar pathare,Mr Kapil Jaykumar Pathare,90,Seat 18th 3am,10 - Gratitude,9 - IAPM
kapil jaykumar pathare,Mr Kapil Jaykumar Pathare,90,India / International,,India
kashish jain,Kashish Jain,289,Seat 18th 3am,35 - Giving,36 - IAPM
kavya jha,Ms Kavya Jha,290,Seat 18th 3am,35 - Patience,37 - Truth
kavya jha,Ms Kavya Jha,290,India / International,,India
keshav chandra das,Keshav Chandra Das,291,Seat 18th 3am,35 - Peace,37 - Gratitude
keshav hari,Keshav Hari,292,Seat 18th 3am,36 - Truth,37 - Forgiveness
kirti sisodia dr,Dr Kirti Sisodia,91,Seat 18th 3am,10 - Forgiveness,10 - Truth
kirti sisodia dr,Dr Kirti Sisodia,91,India / International,,India
krish maneklal,•⁠ ⁠⁠Krish Maneklal,293,Seat 18th 3am,36 - Gratitude,37 - Love
krishna kumar singh,Shri Krishna Kumar (KK) Singh,92,Seat 18th 3am,10 - Love,10 - Gratitude
krishna kumar singh,Shri Krishna Kumar (KK) Singh,92,India / International,,India
krishna n pimple hon ble,Hon'ble Mr Krishna N. Pimple,93,Seat 18th 3am,10 - Giving,10 - Forgiveness
krishna n pimple hon ble,Hon'ble Mr Krishna N. Pimple,93,India / International,,India
krishna prakash,Mr Krishna Prakash (IPS),94,Seat 18th 3am,10 - Humility,10 - Love
krishna prakash,Mr Krishna Prakash (IPS),94,India / International,,India
kulwant singh ji respected sardar,Respected Sardar Kulwant Singh ji,96,Seat 18th 3am,10 - Patience,10 - Humility
kulwant singh ji respected sardar,Respected Sardar Kulwant Singh ji,96,Speaking,,Religion - Sikhism
kulwant singh ji respected sardar,Respected Sardar Kulwant Singh ji,96,India / International,,India
kuni kristine teimitsi,Ms. Kuni Kristine Teimitsi,294,Seat 18th 3am,36 - Forgiveness,37 - Giving
kush mittal,Kush Mittal,97,Seat 18th 3am,11 - Truth,10 - Patience
kushaal shah,•⁠ ⁠⁠Kushaal Shah,295,Seat 18th 3am,36 - Love,37 - Humility
lalit dua,Mr Lalit Dua,296,Seat 18th 3am,36 - Humility,37 - Patience
lalit pandit,Mr Lalit Pandit,100,Seat 18th 3am,11 - Love,11 - Gratitude
lalit pandit,Mr Lalit Pandit,100,India / International,,India
leymah gbowee,Ms Leymah Gbowee,526,India / International,,Liberia
lionel rouwen aingimea h e,H.E. Hon. Lionel Rouwen Aingimea,101,Seat 18th 3am,11 - Giving,11 - Forgiveness
lionel rouwen aingimea h e,H.E. Hon. Lionel Rouwen Aingimea,101,Speaking,,Speak?
lionel rouwen aingimea h e,H.E. Hon. Lionel Rouwen Aingimea,101,India / International,,"Nauru, Oceania"
m s m aftab,Mr M S M Aftab,297,Seat 18th 3am,36 - Giving,37 - IAPM
m s m aftab,Mr M S M Aftab,297,India / International,,Sri Lanka
m s maithri,Ms M S Maithri,298,Seat 18th 3am,36 - Patience,38 - Truth
m s maithri,Ms M S Maithri,298,India / International,,India
mahee choksey adv,Adv. Mahee Choksey,299,Seat 18th 3am,36 - Peace,38 - Gratitude
mahee choksey adv,Adv. Mahee Choksey,299,India / International,,India
mahendra sadashiv thorve hon ble,Hon'ble Shri Mahendra Sadashiv Thorve,102,Seat 18th 3am,11 - Humility,11 - Love
mahendra sadashiv thorve hon ble,Hon'ble Shri Mahendra Sadashiv Thorve,102,India / International,,India
mahesh savani,Mahesh Savani,103,Seat 18th 3am,11 - Patience,11 - Giving
manju prabhat lodha,Ms Manju Prabhat Lodha,104,Seat 18th 3am,12 - Truth,11 - Humility
manju prabhat lodha,Ms Manju Prabhat Lodha,104,Speaking,,Speak?
manju prabhat lodha,Ms Manju Prabhat Lodha,104,India / International,,India
mansoorali bhabha,Mr Mansoorali Bhabha,105,Seat 18th 3am,12 - Gratitude,11 - Patience
margarita louis dreyfus,Ms Margarita Louis-Dreyfus,106,Seat 18th 3am,12 - Forgiveness,11 - IAPM
margarita louis dreyfus,Ms Margarita Louis-Dreyfus,106,Speaking,,Panel 3
margarita louis dreyfus,Ms Margarita Louis-Dreyfus,106,India / International,,Switzerland
mauvin godinho,Mauvin Godinho,107,Seat 18th 3am,12 - Love,12 - Truth
mayank singhal,Mr Mayank Singhal,108,Seat 18th 3am,12 - Giving,12 - Gratitude
mayuri bohra,Ms Mayuri Bohra,300,Seat 18th 3am,37 - Truth,38 - Forgiveness
mayuri bohra,Ms Mayuri Bohra,300,India / International,,India
media 1,Media 1,429,Category Final,Event,Media
media 1,Media 1,429,Seat 18th 3am,,26 - Truth
media 10,Media 10,438,Category Final,Event,Media
media 10,Media 10,438,Seat 18th 3am,,27 - Gratitude
media 11,Media 11,439,Category Final,Event,Media
media 11,Media 11,439,Seat 18th 3am,,27 - Forgiveness
media 12,Media 12,440,Category Final,Event,Media
media 12,Media 12,440,Seat 18th 3am,,27 - Love
media 13,Media 13,441,Category Final,Event,Media
media 13,Media 13,441,Seat 18th 3am,,27 - Giving
media 14,Media 14,442,Category Final,Event,Media
media 14,Media 14,442,Seat 18th 3am,,27 - Humility
media 15,Media 15,443,Category Final,Event,Media
media 15,Media 15,443,Seat 18th 3am,,27 - Patience
media 16,Media 16,444,Category Final,Event,Media
media 16,Media 16,444,Seat 18th 3am,,27 - IAPM
media 17,Media 17,445,Category Final,Event,Media
media 17,Media 17,445,Seat 18th 3am,,26 -
media 18,Media 18,446,Category Final,Event,Media
media 18,Media 18,446,Seat 18th 3am,,26 -
media 19,Media 19,447,Category Final,Event,Media
media 19,Media 19,447,Seat 18th 3am,,26 -
media 2,Media 2,430,Category Final,Event,Media
media 2,Media 2,430,Seat 18th 3am,,26 - Gratitude
media 20,Media 20,448,Category Final,Event,Media
media 20,Media 20,448,Seat 18th 3am,,27 -
media 3,Media 3,431,Category Final,Event,Media
media 3,Media 3,431,Seat 18th 3am,,26 - Forgiveness
media 4,Media 4,432,Category Final,Event,Media
media 4,Media 4,432,Seat 18th 3am,,26 - Love
media 5,Media 5,433,Category Final,Event,Media
media 5,Media 5,433,Seat 18th 3am,,26 - Giving
media 6,Media 6,434,Category Final,Event,Media
media 6,Media 6,434,Seat 18th 3am,,26 - Humility
media 7,Media 7,435,Category Final,Event,Media
media 7,Media 7,435,Seat 18th 3am,,26 - Patience
media 8,Media 8,436,Category Final,Event,Media
media 8,Media 8,436,Seat 18th 3am,,26 - IAPM
media 9,Media 9,437,Category Final,Event,Media
media 9,Media 9,437,Seat 18th 3am,,27 - Truth
mehul kumar,Mr Mehul Kumar,301,Seat 18th 3am,37 - Gratitude,38 - Love
mehul kumar,Mr Mehul Kumar,301,India / International,,India
micheal li,Mr. Micheal Li,302,Seat 18th 3am,37 - Forgiveness,38 - Giving
mika singh,Mr Mika Singh,109,Seat 18th 3am,12 - Humility,12 - Forgiveness
mika singh,Mr Mika Singh,109,Speaking,,Speak?
mika singh,Mr Mika Singh,109,India / International,,India
mikki koomar dr,Dr Mikki Koomar,303,Seat 18th 3am,37 - Love,38 - Humility
mikki koomar dr,Dr Mikki Koomar,303,India / International,,India
milind patre prof,Prof. Milind Patre,304,Seat 18th 3am,37 - Humility,38 - Patience
minu sanghvi,Mrs. Minu Sanghvi,305,Seat 18th 3am,37 - Giving,38 - IAPM
miqdad khorakiwala,Mr Miqdad Khorakiwala,306,Seat 18th 3am,37 - Patience,39 - Truth
mohammad taki jaffer,Mr Mohammad Taki Jaffer,110,Seat 18th 3am,12 - Patience,12 - Love
mohammad taki jaffer,Mr Mohammad Taki Jaffer,110,India / International,,USA
mohammed manzil,Mr. Mohammed Manzil,111,Seat 18th 3am,13 - Truth,12 - Giving
mohammed manzil,Mr. Mohammed Manzil,111,India / International,,India
mohan munasinghe prof,Professor Mohan Munasinghe,12,Speaking,,Nobel
mohan munasinghe prof,Professor Mohan Munasinghe,12,India / International,,Sri Lanka
moiz akbar vahanvaty,Mr Moiz Akbar Vahanvaty,307,Seat 18th 3am,37 - Peace,39 - Gratitude
moiz akbar vahanvaty,Mr Moiz Akbar Vahanvaty,307,India / International,,UAE
motilal oswal ca,CA Motilal Oswal,112,Seat 18th 3am,13 - Gratitude,12 - Humility
motilal oswal ca,CA Motilal Oswal,112,Speaking,,Panel 3
motilal oswal ca,CA Motilal Oswal,112,India / International,,India
mudar patherya,Mr Mudar Patherya,113,Seat 18th 3am,13 - Forgiveness,12 - Patience
mudar patherya,Mr Mudar Patherya,113,India / International,,India
mufaddal abbas kapadia,Mr Mufaddal Abbas Kapadia,308,Seat 18th 3am,38 - Truth,39 - Forgiveness
muhammad khalid sayed,Muhammad Khalid Sayed,114,Seat 18th 3am,13 - Love,12 - IAPM
muhammad khalid sayed,Muhammad Khalid Sayed,114,Speaking,,Panel 2
muhammad khalid sayed,Muhammad Khalid Sayed,114,India / International,,South Africa
mukesh mohta ca,CA Mukesh Mohta,309,Seat 18th 3am,38 - Gratitude,39 - Love
mukesh mohta ca,CA Mukesh Mohta,309,India / International,,India
mukesh vora,Mr Mukesh Vora,528,India / International,,UAE
mukund pathak,Mr Mukund Pathak,310,Seat 18th 3am,38 - Forgiveness,39 - Giving
murtaza khorakiwala dr,Dr Murtaza Habil Khorakiwala,115,Seat 18th 3am,13 - Giving,13 - Truth
murtaza khorakiwala dr,Dr Murtaza Habil Khorakiwala,115,India / International,,India
murtuza saleh,Mr Murtuza Saleh,311,Seat 18th 3am,38 - Love,39 - Humility
murtuza saleh,Mr Murtuza Saleh,311,India / International,,India
mushtaq ahmed chaya,Mushtaq Ahmed Chaya,312,Seat 18th 3am,38 - Humility,39 - Patience
mushtaq ahmed chaya,Mushtaq Ahmed Chaya,312,India / International,,India
mustafa izuddine,Mr Mustafa Izuddine,529,India / International,,Singapore
nadeem usmani dr,Dr Nadeem Usmani,475,Seat 18th 3am,-,55 -
nandini taparia,•⁠ ⁠⁠Nandini Taparia,313,Seat 18th 3am,38 - Giving,39 - IAPM
narendra goel,Narendra Goel,116,Seat 18th 3am,13 - Humility,13 - Gratitude
naveen singh suhag dr,Dr Naveen Singh Suhag,117,Seat 18th 3am,13 - Patience,13 - Forgiveness
naveen singh suhag dr,Dr Naveen Singh Suhag,117,India / International,,India
naveen verma,Mr Naveen Verma,315,Seat 18th 3am,38 - Patience,40 - Gratitude
naveen verma,Mr Naveen Verma,315,India / International,,India
neeta rajput,Ms Neeta Rajput,316,Seat 18th 3am,38 - Peace,40 - Forgiveness
neeta rajput,Ms Neeta Rajput,316,India / International,,India
neil kant shiv lal,Mr Neil Kant Shiv Lal,118,Seat 18th 3am,14 - Truth,13 - Love
neil kant shiv lal,Mr Neil Kant Shiv Lal,118,Speaking,,Speak?
neil kant shiv lal,Mr Neil Kant Shiv Lal,118,India / International,,UK
nikhil chaturvedi,Mr Nikhil Chaturvedi,119,Seat 18th 3am,14 - Gratitude,13 - Giving
nikhil chaturvedi,Mr Nikhil Chaturvedi,119,India / International,,India
nimish makwana ca,CA Nimish Makwana,317,Seat 18th 3am,39 - Truth,40 - Love
nimish makwana ca,CA Nimish Makwana,317,India / International,,UAE
nirmal kumar agarwal ca,CA Nirmal Kumar Agarwal,318,Seat 18th 3am,39 - Gratitude,40 - Giving
nirupom dutta,Mr Nirupom Dutta,319,Seat 18th 3am,39 - Forgiveness,40 - Humility
nirupom dutta,Mr Nirupom Dutta,319,India / International,,India
nitin pawar,Nitin Pawar,120,Seat 18th 3am,,13 - Humility
olivia neuman,Ms Olivia Neuman,320,Seat 18th 3am,39 - Love,40 - Patience
olivia patterson,•⁠ ⁠Olivia Patterson,321,Seat 18th 3am,39 - Humility,40 - IAPM
omar farooq,Omar Farooq,322,Seat 18th 3am,39 - Giving,41 - Truth
omar farooq,Omar Farooq,322,India / International,,UK
p siddeek ahmed haji dr,Dr P Siddeek Ahmed Haji,121,Seat 18th 3am,14 - Love,13 - Patience
p siddeek ahmed haji dr,Dr P Siddeek Ahmed Haji,121,Speaking,,Panel 3
p siddeek ahmed haji dr,Dr P Siddeek Ahmed Haji,121,India / International,,Saudi Arabia
pablo marcal,Mr. Pablo Marcal,122,Seat 18th 3am,14 - Giving,13 - IAPM
pablo marcal,Mr. Pablo Marcal,122,Speaking,,Panel 2
pankaj gupta,Mr Pankaj Gupta,323,Seat 18th 3am,39 - Patience,41 - Gratitude
pankaj gupta,Mr Pankaj Gupta,323,Speaking,,Panel 1 - M
pankaj gupta,Mr Pankaj Gupta,323,India / International,,India
pankaj rajesh bhoyar dr,Dr Pankaj Rajesh Bhoyar,124,Seat 18th 3am,14 - Patience,14 - Gratitude
pankaj rajesh bhoyar dr,Dr Pankaj Rajesh Bhoyar,124,India / International,,India
papachsorn meepa,Ms Papachsorn Meepa,324,Seat 18th 3am,39 - Peace,41 - Forgiveness
papachsorn meepa,Ms Papachsorn Meepa,324,India / International,,Thailand
parag ashar,Mr Parag Ashar,325,Seat 18th 3am,40 - Truth,41 - Love
parag ashar,Mr Parag Ashar,325,India / International,,India
paresh thakur,Mr Paresh Thakur,509,Award Category (where applicable),Business,Business XXX
parth shah,Parth Shah,326,Seat 18th 3am,40 - Gratitude,41 - Giving
parvez alam khan,Mr Parvez Alam Khan,327,Seat 18th 3am,40 - Forgiveness,41 - Humility
patrick leverino h e,H.E. Patrick Leverino,125,Seat 18th 3am,15 - Truth,14 - Forgiveness
patrick leverino h e,H.E. Patrick Leverino,125,Speaking,,Speak?
patrick leverino h e,H.E. Patrick Leverino,125,India / International,,France
piyush jhunjhunwala,Mr. Piyush Jhunjhunwala,127,Seat 18th 3am,15 - Gratitude,14 - Giving
pooja neil lal,Ms Pooja Neil Lal,328,Seat 18th 3am,40 - Love,41 - Patience
pooja neil lal,Ms Pooja Neil Lal,328,India / International,,UK
prabhash agarwal,Mr Prabhash Agarwal,329,Seat 18th 3am,40 - Humility,41 - IAPM
prabhash agarwal,Mr Prabhash Agarwal,329,India / International,,UAE
pradeep gandhi,Shri Pradeep Gandhi,330,Seat 18th 3am,40 - Giving,42 - Truth
pradeep gandhi,Shri Pradeep Gandhi,330,India / International,,India
pradeep hirani adv,Adv. Pradeep Hirani,331,Seat 18th 3am,40 - Patience,42 - Gratitude
pradeep hirani adv,Adv. Pradeep Hirani,331,India / International,,India
prajakta kotasthane,Ms Prajakta Kotasthane,332,Seat 18th 3am,40 - Peace,42 - Forgiveness
prajakta kotasthane,Ms Prajakta Kotasthane,332,India / International,,India
prateek agarwal,Mr Prateek Agarwal,129,Seat 18th 3am,15 - Forgiveness,14 - Patience
prateek agarwal,Mr Prateek Agarwal,129,India / International,,India
pratik kanakia,Mr Pratik Kanakia,130,Seat 18th 3am,15 - Love,14 - IAPM
pratik kanakia,Mr Pratik Kanakia,130,India / International,,India
pravin kumar,Mr Pravin Kumar,334,Seat 18th 3am,41 - Gratitude,42 - Giving
pravin kumar,Mr Pravin Kumar,334,India / International,,India
pravin m talreja,Mr Pravin M. Talreja,335,Seat 18th 3am,41 - Forgiveness,42 - Humility
pravin m talreja,Mr Pravin M. Talreja,335,India / International,,India
pravin more,Pravin More,481,Seat 18th 3am,-,54 - Love
prem jagyasi dr,Dr Prem Jagyasi,336,Seat 18th 3am,41 - Love,42 - Patience
prem jagyasi dr,Dr Prem Jagyasi,336,India / International,,UAE
priti rai,Ms Priti Rai,338,Seat 18th 3am,41 - Giving,43 - Truth
priti rai,Ms Priti Rai,338,India / International,,India
raaj lalchandani,Mr Raaj Lalchandani,339,Seat 18th 3am,41 - Patience,43 - Gratitude
raaj lalchandani,Mr Raaj Lalchandani,339,India / International,,India
radheshyam laxmanrao mopalwar ias,"Mr Radheshyam Laxmanrao Mopalwar, IAS (Retd.)",131,Seat 18th 3am,15 - Giving,15 - Truth
radheshyam laxmanrao mopalwar ias,"Mr Radheshyam Laxmanrao Mopalwar, IAS (Retd.)",131,India / International,,India
raghav pat singhania dr,Dr Raghav Pat Singhania,132,Seat 18th 3am,15 - Humility,15 - Gratitude
ragini dwivedi,Ragini Dwivedi,133,Seat 18th 3am,15 - Patience,15 - Forgiveness
rahul bodhi mahathero most venerable dr bhadant,Most Venerable Dr Bhadant Rahul Bodhi Mahathero,134,Seat 18th 3am,16 - Truth,15 - Love
rahul bodhi mahathero most venerable dr bhadant,Most Venerable Dr Bhadant Rahul Bodhi Mahathero,134,Speaking,,Religion - Buddhism
rahul bodhi mahathero most venerable dr bhadant,Most Venerable Dr Bhadant Rahul Bodhi Mahathero,134,India / International,,India
rahul v karad dr,Dr Rahul V. Karad,135,Seat 18th 3am,16 - Gratitude,15 - Giving
rahul v karad dr,Dr Rahul V. Karad,135,Speaking,,Panel 1
rahul v karad dr,Dr Rahul V. Karad,135,India / International,,India
raj babar,Mr. Raj Babar,136,Seat 18th 3am,16 - Forgiveness,15 - Humility
raj mehta,•⁠ ⁠⁠Raj Mehta,340,Seat 18th 3am,41 - Peace,43 - Forgiveness
rajan navani,Mr Rajan Navani,137,Seat 18th 3am,16 - Love,15 - Patience
rajan navani,Mr Rajan Navani,137,India / International,,India
rajdeep gupta,Rajdeep Gupta,138,Seat 18th 3am,16 - Giving,15 - IAPM
rajeev pawar,Mr Rajeev Pawar,341,Seat 18th 3am,42 - Truth,43 - Love
rajeev pawar,Mr Rajeev Pawar,341,India / International,,India
rajeshree shete iyer,Rajeshree Shete Iyer,428,Category Final,Event,Media
rajeshree shete iyer,Rajeshree Shete Iyer,428,Seat 18th 3am,,26 - Patience
rajiv kumar sharma dr,Dr Rajiv Kumar Sharma,139,Seat 18th 3am,16 - Humility,16 - Truth
rajiv kumar sharma dr,Dr Rajiv Kumar Sharma,139,India / International,,Singapore
rakesh bindal,Mr Rakesh Bindal,140,Seat 18th 3am,16 - Patience,16 - Gratitude
rakesh bindal,Mr Rakesh Bindal,140,India / International,,India
rakshatai khadse,Ms Rakshatai Khadse,535,Category Final,Guest of Honour,XXX
rakshatai khadse,Ms Rakshatai Khadse,535,Seat 18th 3am,17 - Truth,
rakshatai khadse,Ms Rakshatai Khadse,535,India / International,,India
ralph teimitsi,Mr. Ralph Teimitsi,342,Seat 18th 3am,42 - Gratitude,43 - Giving
ram nath kovind hon ble,Hon'ble Shri Ram Nath Kovind,13,Speaking,,CG
ram nath kovind hon ble,Hon'ble Shri Ram Nath Kovind,13,India / International,,India
ramdas athawale,Shri Ramdas Athawale,510,India / International,,India
ramesh agarwal,Mr Ramesh Agarwal,141,Seat 18th 3am,,16 - Love
ramesh roughani,Mr. Ramesh Roughani,343,Seat 18th 3am,42 - Forgiveness,43 - Humility
rania yehia abdelzaher,Ms Rania Yehia Abdelzaher,142,Seat 18th 3am,17 - Forgiveness,16 - Giving
rania yehia abdelzaher,Ms Rania Yehia Abdelzaher,142,India / International,,Egypt
rasha kirmani,Ms Rasha Kirmani,143,Seat 18th 3am,17 - Love,16 - Humility
rasha kirmani,Ms Rasha Kirmani,143,India / International,,India
rashmi upadhyay,Ms Rashmi Upadhyay,344,Seat 18th 3am,42 - Love,43 - Patience
rashmi upadhyay,Ms Rashmi Upadhyay,344,India / International,,India
ravindra mangave,Mr Ravindra Mangave,144,Seat 18th 3am,17 - Giving,16 - Patience
ravindra sadanand phatak,Shri Ravindra Sadanand Phatak,145,Seat 18th 3am,17 - Humility,16 - IAPM
ravindra sadanand phatak,Shri Ravindra Sadanand Phatak,145,India / International,,India
reema majmudar,Ms Reema Majmudar,345,Seat 18th 3am,42 - Humility,43 - IAPM
reena charles,Reena Charles,484,Seat 18th 3am,-,55 -
reena choksey,Ms Reena Choksey,346,Seat 18th 3am,42 - Giving,44 - Truth
reena choksey,Ms Reena Choksey,346,India / International,,India
reitesh deshmukh,Reitesh Deshmukh,146,Seat 18th 3am,17 - Patience,17 - Truth
rima medhi,Ms Rima Medhi,347,Seat 18th 3am,42 - Patience,44 - Gratitude
rima medhi,Ms Rima Medhi,347,India / International,,India
rishabh shah,Mr Rishabh Shah,147,Seat 18th 3am,18 - Truth,17 - Gratitude
rishabh shah,Mr Rishabh Shah,147,India / International,,India
ritesh gujrati,Mr Ritesh Gujrati,348,Seat 18th 3am,42 - Peace,44 - Forgiveness
riya dhalla,Riya Dhalla,486,Seat 18th 3am,-,54 - Love
riya sen,Ms Riya Sen,537,India / International,,India
rohit malhotra,Mr. Rohit Malhotra,350,Seat 18th 3am,43 - Truth,44 - Giving
romiel nissim samuel,Mr Romiel Nissim Samuel,148,Seat 18th 3am,18 - Gratitude,17 - Forgiveness
romiel nissim samuel,Mr Romiel Nissim Samuel,148,Speaking,,Panel 1
romiel nissim samuel,Mr Romiel Nissim Samuel,148,India / International,,India
ron chandiramani prof dr,Prof Dr Ron Chandiramani,149,Seat 18th 3am,18 - Forgiveness,17 - Love
ron chandiramani prof dr,Prof Dr Ron Chandiramani,149,Speaking,,Religion - Judaism
ron chandiramani prof dr,Prof Dr Ron Chandiramani,149,India / International,,Singapore
ronakali saifuddin dholkawala,Mr Ronakali Saifuddin Dholkawala,150,Seat 18th 3am,18 - Love,17 - Giving
ronakali saifuddin dholkawala,Mr Ronakali Saifuddin Dholkawala,150,Speaking,,Speak?
ronakali saifuddin dholkawala,Mr Ronakali Saifuddin Dholkawala,150,India / International,,India
roopam y bhatt,Mr Roopam Y. Bhatt,351,Seat 18th 3am,43 - Gratitude,44 - Humility
roopam y bhatt,Mr Roopam Y. Bhatt,351,India / International,,India
rubeen mlalkani dr,Dr. Rubeen Malkani,352,Seat 18th 3am,43 - Forgiveness,44 - Patience
rui duarte de barros h e,H.E. Mr Rui Duarte de Barros,152,Seat 18th 3am,18 - Giving,17 - Patience
rui duarte de barros h e,H.E. Mr Rui Duarte de Barros,152,India / International,,Guinea-Bissau
rupali ganguly,Ms Rupali Ganguly,153,Seat 18th 3am,18 - Humility,17 - IAPM
rupali ganguly,Ms Rupali Ganguly,153,Speaking,,Panel 2
rupali ganguly,Ms Rupali Ganguly,153,India / International,,India
s venkatesh,Mr S. Venkatesh,353,Seat 18th 3am,43 - Love,44 - IAPM
s venkatesh,Mr S. Venkatesh,353,India / International,,UAE
saagar mehta,Mr Saagar Mehta,538,India / International,,Singapore
sagar chordia,Mr Sagar Chordia,154,Seat 18th 3am,18 - Patience,18 - Truth
sagar chordia,Mr Sagar Chordia,154,India / International,,India
sagar tungare,Sagar Tungare,354,Seat 18th 3am,43 - Humility,45 - Truth
sagar tungare,Sagar Tungare,354,India / International,,India
sahil singh dr,Dr Sahil Singh,155,Seat 18th 3am,19 - Truth,18 - Gratitude
sahil singh dr,Dr Sahil Singh,155,India / International,,India
sahitya k chaturvedi dr,Dr Sahitya K. Chaturvedi,355,Seat 18th 3am,43 - Giving,45 - Gratitude
sahitya k chaturvedi dr,Dr Sahitya K. Chaturvedi,355,India / International,,UAE
saifuddin barodawala,Saifuddin Barodawala,488,Seat 18th 3am,-,55 -
sakina shahpurwala,Ms Sakina Shahpurwala,356,Seat 18th 3am,43 - Patience,45 - Forgiveness
sakina shahpurwala,Ms Sakina Shahpurwala,356,India / International,,India
salim govani,Mr Salim Govani,357,Seat 18th 3am,43 - Peace,45 - Love
salim govani,Mr Salim Govani,357,India / International,,India
salim merchant,Mr Salim Merchant,156,Seat 18th 3am,19 - Gratitude,18 - Forgiveness
salim merchant,Mr Salim Merchant,156,Speaking,,Panel 1
salim merchant,Mr Salim Merchant,156,India / International,,India
sam m bayat,Mr Sam M. Bayat,157,Seat 18th 3am,19 - Forgiveness,18 - Love
sam m bayat,Mr Sam M. Bayat,157,India / International,,Canada
sameer sata,Sameer Sata,358,Seat 18th 3am,44 - Truth,45 - Giving
sameer tapia,Mr Sameer Tapia,159,Seat 18th 3am,19 - Love,18 - Humility
sameer tapia,Mr Sameer Tapia,159,India / International,,India
samina abbas petiwala,Ms Samina Abbas Petiwala,359,Seat 18th 3am,44 - Gratitude,45 - Humility
sanal kumar,Mr Sanal Kumar,360,Seat 18th 3am,44 - Forgiveness,45 - Patience
sanal kumar,Mr Sanal Kumar,360,India / International,,UAE
sandeep bakshi dr,Dr Sandeep Bakshi,160,Seat 18th 3am,19 - Giving,18 - Patience
sandeep bakshi dr,Dr Sandeep Bakshi,160,India / International,,India
sandeep merchant,Mr Sandeep Merchant,161,Seat 18th 3am,19 - Humility,18 - IAPM
sandeep merchant,Mr Sandeep Merchant,161,India / International,,India
sandra boodhun,Hon'ble Sandra Boodhun,158,Name,Ms Sandra Boodhun,Hon'ble Sandra Boodhun
sandra boodhun,Hon'ble Sandra Boodhun,158,"Designation, Company",Special Advisor to the President of the Central African Republic,"Politician, Central African Republic"
sandra boodhun,Hon'ble Sandra Boodhun,158,Category Final,XXX,Guest of Honour
sandra boodhun,Hon'ble Sandra Boodhun,158,Seat 18th 3am,,18 - Giving
sandra boodhun,Hon'ble Sandra Boodhun,158,Category,XXX,Attendee
sandra boodhun,Hon'ble Sandra Boodhun,158,Speaking,,Speak?
sandra boodhun,Hon'ble Sandra Boodhun,158,India / International,,Centrak African Republic
sandra boodhun,Hon'ble Sandra Boodhun,158,Cell,(+971557492263),
sangram singh,Mr Sangram Singh,162,Seat 18th 3am,19 - Patience,19 - Truth
sangram singh,Mr Sangram Singh,162,India / International,,India
sanjay bapat,Mr Sanjay Bapat,361,Seat 18th 3am,44 - Love,45 - IAPM
sanjay bapat,Mr Sanjay Bapat,361,India / International,,India
sanjay dangi,Mr Sanjay Dangi,163,Seat 18th 3am,20 - Truth,19 - Gratitude
sanjay dangi,Mr Sanjay Dangi,163,India / International,,India
sanjay dina patil,Shri Sanjay Dina Patil,164,Seat 18th 3am,20 - Gratitude,19 - Forgiveness
sanjay dina patil,Shri Sanjay Dina Patil,164,India / International,,India
sanjay kakade,Sanjay Kakade,165,Seat 18th 3am,20 - Forgiveness,19 - Love
sanjay krishna goyal,Mr Sanjay Krishna Goyal,166,Seat 18th 3am,20 - Love,19 - Giving
sanjay krishna goyal,Mr Sanjay Krishna Goyal,166,India / International,,India
sanjay siroya,Mr Sanjay Siroya,167,Seat 18th 3am,20 - Giving,19 - Humility
sanjay siroya,Mr Sanjay Siroya,167,India / International,,India
sanjeet kumar,Mr Sanjeet Kumar,362,Seat 18th 3am,44 - Humility,46 - Truth
sanjeet kumar,Mr Sanjeet Kumar,362,India / International,,India
sanjeev bansal dr,Dr Sanjeev Bansal,363,Seat 18th 3am,44 - Giving,46 - Gratitude
santosh sawant,Mr. Santosh Sawant,364,Seat 18th 3am,44 - Patience,46 - Forgiveness
sanyogita atrey h r h,HRH Sanyogita Atrey,365,Seat 18th 3am,44 - Peace,46 - Love
sanyogita atrey h r h,HRH Sanyogita Atrey,365,India / International,,India
sarita malhotra,Mrs. Sarita Malhotra,366,Seat 18th 3am,45 - Truth,46 - Giving
satya bhushan jain,Mr Satya Bhushan Jain,168,Seat 18th 3am,20 - Humility,19 - Patience
satya bhushan jain,Mr Satya Bhushan Jain,168,India / International,,India
satyajith v kadkol,Mr Satyajith V Kadkol,367,Seat 18th 3am,45 - Gratitude,46 - Humility
satyajith v kadkol,Mr Satyajith V Kadkol,367,India / International,,India
scherezaad,Scherezaad,490,Seat 18th 3am,-,54 - Giving
seema saroj,Ms Seema Saroj,170,Seat 18th 3am,20 - Patience,20 - Truth
seema saroj,Ms Seema Saroj,170,India / International,,India
shabad bijul,•⁠ ⁠⁠Shabad Bijul,368,Seat 18th 3am,45 - Forgiveness,46 - Patience
shabana azmi,Ms Shabana Azmi,171,Seat 18th 3am,21 - Truth,20 - Gratitude
shabana azmi,Ms Shabana Azmi,171,India / International,,India
shabbir shahpurwala,Mr Shabbir Shahpurwala,369,Seat 18th 3am,45 - Love,46 - IAPM
shabbir shahpurwala,Mr Shabbir Shahpurwala,369,India / International,,India
shailesh sanghvi,Mr. Shailesh Sanghvi,370,Seat 18th 3am,45 - Humility,47 - Truth
shaina nc,Ms Shaina NC,172,Seat 18th 3am,21 - Gratitude,20 - Forgiveness
shaina nc,Ms Shaina NC,172,India / International,,India
shambhuraj desai hon ble,Hon'ble Shri Shambhuraj Desai,173,Seat 18th 3am,21 - Forgiveness,20 - Love
shambhuraj desai hon ble,Hon'ble Shri Shambhuraj Desai,173,India / International,,India
shashi kiran shetty,Mr Shashi Kiran Shetty,511,Award Category (where applicable),Business,Business XXX
shashi kiran shetty,Mr Shashi Kiran Shetty,511,Speaking,,Speak?
shashi kiran shetty,Mr Shashi Kiran Shetty,511,India / International,,India
shaurya doval,Shaurya Doval,539,India / International,,India
shazia merchant,Ms Shazia Merchant,371,Seat 18th 3am,45 - Giving,47 - Gratitude
shereen bhan,Ms Shereen Bhan,540,India / International,,India
sherwin savio joseph nazareth,Mr Sherwin Savio Joseph Nazareth,174,Seat 18th 3am,21 - Love,20 - Giving
sherwin savio joseph nazareth,Mr Sherwin Savio Joseph Nazareth,174,India / International,,India
shiamak davar,Mr Shiamak Davar,175,Seat 18th 3am,21 - Giving,20 - Humility
shiamak davar,Mr Shiamak Davar,175,India / International,,India
shihab al busaidi h e,H.H Shihab AL Busaidi,512,Award Category (where applicable),Business,Business XXX
shilpa kamath,Ms Shilpa Kamath,372,Seat 18th 3am,45 - Patience,47 - Forgiveness
shilpa kamath,Ms Shilpa Kamath,372,India / International,,India
shinyas,Shinyas,373,Seat 18th 3am,45 - Peace,47 - Love
shiv kumar pal,Mr Shiv Kumar Pal,374,Seat 18th 3am,46 - Truth,47 - Giving
shiv kumar pal,Mr Shiv Kumar Pal,374,India / International,,India
shivani jatia,Ms Shivani Jatia,375,Seat 18th 3am,46 - Gratitude,47 - Humility
shivendaraje bhosle hon ble,Hon'ble Shri Shivendaraje Bhosle,176,Seat 18th 3am,21 - Humility,20 - Patience
shivendaraje bhosle hon ble,Hon'ble Shri Shivendaraje Bhosle,176,India / International,,India
shobhanaa dhimaan,Ms Shobhanaa Dhimaan,376,Seat 18th 3am,46 - Forgiveness,47 - Patience
shobhanaa dhimaan,Ms Shobhanaa Dhimaan,376,India / International,,India
shom hinduja,Mr Shom Hinduja,177,Seat 18th 3am,21 - Patience,20 - IAPM
shom hinduja,Mr Shom Hinduja,177,India / International,,India
shrey shah,Shrey Shah,377,Seat 18th 3am,46 - Love,47 - IAPM
shreya dua,Shreya Dua,378,Seat 18th 3am,46 - Humility,48 - Truth
siddharth agarwal,Siddharth Agarwal,178,Seat 18th 3am,22 - Truth,21 - Truth
siddharth ruhatiya,Mr. Siddharth Ruhatiya,379,Seat 18th 3am,46 - Giving,48 - Gratitude
simrithi bathija,Ms Simrithi Bathija,380,Seat 18th 3am,46 - Patience,48 - Forgiveness
simrithi bathija,Ms Simrithi Bathija,380,India / International,,India
smita kapoor,Smita Kapoor,493,Seat 18th 3am,-,55 -
sonali tejuja,Mrs. Sonali Tejuja,382,Seat 18th 3am,47 - Truth,48 - Giving
sonu nigam,Mr Sonu Nigam,179,Seat 18th 3am,22 - Gratitude,21 - Gratitude
sonu nigam,Mr Sonu Nigam,179,India / International,,India
sonu sood,Mr Sonu Sood,180,Seat 18th 3am,22 - Forgiveness,21 - Forgiveness
sonu sood,Mr Sonu Sood,180,Speaking,,Speak?
sonu sood,Mr Sonu Sood,180,India / International,,India
sorubhh k bharti,Mr Sorubhh K. Bharti,383,Seat 18th 3am,47 - Gratitude,48 - Humility
sorubhh k bharti,Mr Sorubhh K. Bharti,383,India / International,,India
souad methnani abbassi,Ms Souad Methnani Abbassi,15,India / International,,Tunisia
sria munasinghe,Ms Sria Munasinghe,16,India / International,,Sri Lanka
stephen fernandes rt rev dr,Rt Rev Dr Stephen Fernandes,182,Seat 18th 3am,22 - Giving,21 - Giving
stephen fernandes rt rev dr,Rt Rev Dr Stephen Fernandes,182,Speaking,,Panel 1
stephen fernandes rt rev dr,Rt Rev Dr Stephen Fernandes,182,India / International,,India
sudeep mittal capt,Capt. Sudeep Mittal,542,India / International,,India
sudhir babu adv,Adv Sudhir Babu,384,Seat 18th 3am,47 - Forgiveness,48 - Patience
sulekhatai kumbare,Sulekhatai Kumbare,385,Seat 18th 3am,47 - Love,48 - IAPM
suleman merchant,Mr Suleman Merchant,183,Seat 18th 3am,22 - Humility,21 - Humility
suleman merchant,Mr Suleman Merchant,183,Speaking,,Religion - Christianity
suleman merchant,Mr Suleman Merchant,183,India / International,,India
sumant nayak,Mr Sumant Nayak,386,Seat 18th 3am,47 - Humility,49 - Truth
sumant nayak,Mr Sumant Nayak,386,India / International,,India
sumedha kailash,Ms Sumedha Kailash,17,India / International,,India
sunil manjarekar dr,Dr Sunil Manjarekar,387,Seat 18th 3am,47 - Giving,49 - Gratitude
sunil manjarekar dr,Dr Sunil Manjarekar,387,India / International,,UAE
suraj chouhan,Mr Suraj Chouhan,184,Seat 18th 3am,22 - Patience,21 - Patience
suraj chouhan,Mr Suraj Chouhan,184,India / International,,India
suresh chablani,Mr Prince Suresh Chablani,337,Seat 18th 3am,41 - Humility,42 - IAPM
suresh chablani,Mr Prince Suresh Chablani,337,India / International,,India
suresh chandra padhy dr,Dr Suresh Chandra Padhy,186,Seat 18th 3am,23 - Gratitude,22 - Truth
suresh chandra padhy dr,Dr Suresh Chandra Padhy,186,Speaking,,Panel 1
suresh chandra padhy dr,Dr Suresh Chandra Padhy,186,India / International,,India
suresh joshi,Shri Suresh (Bhaiyyaji) Joshi,185,Seat 18th 3am,23 - Truth,21 - IAPM
suresh joshi,Shri Suresh (Bhaiyyaji) Joshi,185,India / International,,India
surinder kaur dr,Dr Surinder Kaur,187,Seat 18th 3am,23 - Forgiveness,22 - Gratitude
surinder kaur dr,Dr Surinder Kaur,187,India / International,,India
swapna reddy,Swapna Reddy,390,Seat 18th 3am,48 - Truth,49 - Giving
swati kovind,Swati Kovind,18,India / International,,India
syed ali dujana gurdezi shah sufi,Shah Sufi Syed Ali Dujana Gurdezi,188,Seat 18th 3am,23 - Love,22 - Forgiveness
syed ali dujana gurdezi shah sufi,Shah Sufi Syed Ali Dujana Gurdezi,188,India / International,,India
syed gous gaznavi gurdezi,Mr Syed Gous Gaznavi Gurdezi,391,Seat 18th 3am,48 - Gratitude,49 - Humility
syed gous gaznavi gurdezi,Mr Syed Gous Gaznavi Gurdezi,391,India / International,,India
syed musharraf,Syed Musharraf,495,Seat 18th 3am,-,55 -
taizoon khorakiwala,Mr Taizoon Khorakiwala,189,Seat 18th 3am,23 - Giving,22 - Love
taizoon khorakiwala,Mr Taizoon Khorakiwala,189,Speaking,,Religion - Islam
taizoon khorakiwala,Mr Taizoon Khorakiwala,189,India / International,,UAE
tanil kilachand,Mr Tanil Kilachand,543,India / International,,India
tasneem latif,Ms Tasneem Latif,392,Seat 18th 3am,48 - Forgiveness,49 - Patience
tasneem latif,Ms Tasneem Latif,392,India / International,,India
tigmanshu dhulia,Mr Tigmanshu Dhulia,190,Seat 18th 3am,23 - Humility,22 - Giving
tigmanshu dhulia,Mr Tigmanshu Dhulia,190,Speaking,,Panel 2
tigmanshu dhulia,Mr Tigmanshu Dhulia,190,India / International,,India
tushar vvaishnav,Mr Tushar Vvaishnav,393,Seat 18th 3am,48 - Love,49 - IAPM
tushar vvaishnav,Mr Tushar Vvaishnav,393,India / International,,India
ujjal mukhia,Ujjal Mukhia,394,Seat 18th 3am,48 - Humility,50 - Truth
ujjwal vashisht,Ms Ujjwal Vashisht,395,Seat 18th 3am,48 - Giving,50 - Gratitude
ujjwal vashisht,Ms Ujjwal Vashisht,395,India / International,,India
ujjwall deepak,Mr Ujjwall Deepak,191,Seat 18th 3am,23 - Patience,22 - Humility
ujjwall deepak,Mr Ujjwall Deepak,191,India / International,,India
uma sangal,Ms Uma Sangal,396,Seat 18th 3am,48 - Patience,50 - Forgiveness
uma sangal,Ms Uma Sangal,396,India / International,,India
umaima khorakiwala,Ms Umaima Khorakiwala,397,Seat 18th 3am,48 - Peace,50 - Love
umaima khorakiwala,Ms Umaima Khorakiwala,397,India / International,,India
una edward,Ms. Una Edward,398,Seat 18th 3am,49 - Truth,50 - Giving
vada dasturji tehemton burjor mirza,Vada Dasturji Tehemton Burjor Mirza,399,Seat 18th 3am,49 - Gratitude,50 - Humility
vada dasturji tehemton burjor mirza,Vada Dasturji Tehemton Burjor Mirza,399,India / International,,India
vaibhav kacholia,Mr Vaibhav Kacholia,400,Seat 18th 3am,49 - Forgiveness,50 - Patience
vaibhav kacholia,Mr Vaibhav Kacholia,400,Speaking,,Religion - Zoroastranism
vaibhav kacholia,Mr Vaibhav Kacholia,400,India / International,,India
vanki aravinda,Smt Vanki Aravinda,381,Seat 18th 3am,46 - Peace,48 - Love
vanki penchalaiah dr,Dr Vanki Penchalaiah,192,Seat 18th 3am,24 - Truth,22 - Patience
vanki penchalaiah dr,Dr Vanki Penchalaiah,192,India / International,,India
vansh shah,•⁠ ⁠Vansh Shah,401,Seat 18th 3am,49 - Love,50 - IAPM
varun chaudhary,Mr Varun Chaudhary,193,Seat 18th 3am,24 - Gratitude,22 - IAPM
varun chaudhary,Mr Varun Chaudhary,193,India / International,,Nepal
varun suthra dr,Dr Varun Suthra,402,Seat 18th 3am,49 - Humility,51 - Truth
varun suthra dr,Dr Varun Suthra,402,India / International,,India
vasantha kavitha k c shrikar,Ms Vasantha Kavitha K C Shrikar,403,Seat 18th 3am,49 - Giving,51 - Gratitude
vasantha kavitha k c shrikar,Ms Vasantha Kavitha K C Shrikar,403,India / International,,India
victoria mcartor,Ms Victoria McArtor,404,Seat 18th 3am,49 - Patience,51 - Forgiveness
victoria mcartor,Ms Victoria McArtor,404,Speaking,,Speak?
victoria mcartor,Ms Victoria McArtor,404,India / International,,USA
vijay goel,Mr Vijay Goel,194,Seat 18th 3am,24 - Forgiveness,23 - Truth
vijay goel,Mr Vijay Goel,194,Speaking,,Panel 3
vijay goel,Mr Vijay Goel,194,India / International,,India
vijay ram rattan,Mr Vijay Ram Rattan,195,Seat 18th 3am,24 - Love,23 - Gratitude
vijay sharma,Vijay Sharma,421,Seat 18th 3am,52 - Truth,53 - Giving
vijay wani,Vijay Wani,405,Seat 18th 3am,49 - Peace,51 - Love
vijay wani,Vijay Wani,405,Speaking,,Panel 3 - M
vikash mittersain,Mr Vikash Mittersain,196,Seat 18th 3am,24 - Giving,23 - Forgiveness
vikash mittersain,Mr Vikash Mittersain,196,India / International,,India
vikram rajnikant shroff,Mr Vikram Rajnikant Shroff,197,Seat 18th 3am,24 - Humility,23 - Love
vikram rajnikant shroff,Mr Vikram Rajnikant Shroff,197,India / International,,India
vikram singh sisodia,Mr Vikram Singh Sisodia,406,Seat 18th 3am,50 - Truth,51 - Giving
vikram singh sisodia,Mr Vikram Singh Sisodia,406,India / International,,India
vinay sohani,Vinay Sohani,422,Seat 18th 3am,52 - Gratitude,53 - Humility
vinay tejuja,Mr Vinay Tejuja,198,Seat 18th 3am,24 - Patience,23 - Giving
vinay tejuja,Mr Vinay Tejuja,198,Speaking,,Panel 3
vinay tejuja,Mr Vinay Tejuja,198,India / International,,India
vineet jain,Mr Vineet Jain,199,Seat 18th 3am,25 - Truth,23 - Humility
vineet jain,Mr Vineet Jain,199,India / International,,India
vineet kumar,Mr Vineet Kumar,407,Seat 18th 3am,50 - Gratitude,51 - Humility
vineet kumar,Mr Vineet Kumar,407,India / International,,India
vineet nirmal suchanti,Mr Vineet Nirmal Suchanti,200,Seat 18th 3am,25 - Gratitude,23 - Patience
vineet nirmal suchanti,Mr Vineet Nirmal Suchanti,200,Speaking,,Speak?
vineet nirmal suchanti,Mr Vineet Nirmal Suchanti,200,India / International,,India
vinod bidhuri dr,Dr. Vinod Bidhuri,497,Seat 18th 3am,-,55 -
vinod goenka,Mr. Vinod Goenka,201,Seat 18th 3am,25 - Forgiveness,23 - IAPM
vipin kumar,Mr Vipin Kumar,202,Seat 18th 3am,25 - Love,24 - Truth
vipin kumar,Mr Vipin Kumar,202,India / International,,India
vipin yadav,Mr Vipin Yadav,544,Category Final,VIP Peace Partner,XXX
vipin yadav,Mr Vipin Yadav,544,Seat 18th 3am,50 - Forgiveness,51 - Patience
vipin yadav,Mr Vipin Yadav,544,India / International,,Switzerland
viren sharma,Viren Sharma,499,Seat 18th 3am,-,55 -
vishakha,Vishakha,408,Seat 18th 3am,50 - Love,51 - IAPM
vivek bakshi,Mr Vivek Bakshi,203,"Designation, Company","Chairman / MD, VB Group of Companies (multi- jurisdictional, India and UAE)","Chairman / MD, VB Group of Companies"
vivek bakshi,Mr Vivek Bakshi,203,Seat 18th 3am,25 - Giving,24 - Gratitude
vivek bakshi,Mr Vivek Bakshi,203,India / International,,India
xariya s kshatriya,Ms Xariya S. Kshatriya,409,Seat 18th 3am,50 - Humility,52 - Truth
xariya s kshatriya,Ms Xariya S. Kshatriya,409,India / International,,India
yakub,Yakub Esteves,501,Name,Yakub,Yakub Esteves
yash thakur,Yash Thakur,410,Seat 18th 3am,50 - Giving,52 - Gratitude
yogesh dube dr,Dr Yogesh Dube,411,Seat 18th 3am,50 - Patience,52 - Forgiveness
yogesh dube dr,Dr Yogesh Dube,411,India / International,,India
zahabiya khorakiwala,Ms Zahabiya Khorakiwala,204,Seat 18th 3am,25 - Humility,24 - Forgiveness
zahabiya khorakiwala,Ms Zahabiya Khorakiwala,204,India / International,,India
zahir k dhunjibhoy,Mr Zahir K Dhunjibhoy,205,Seat 18th 3am,25 - Patience,24 - Love
zahir k dhunjibhoy,Mr Zahir K Dhunjibhoy,205,India / International,,India
zahra bubere,Ms Zahra Bubere,412,Seat 18th 3am,50 - Peace,52 - Love
zahra bubere,Ms Zahra Bubere,412,India / International,,India
zameer chinwalla,Mr Zameer Chinwalla,413,Seat 18th 3am,51 - Truth,52 - Giving
zohair latif,Mr Zohair Latif,414,Seat 18th 3am,51 - Gratitude,52 - Humility
zohair latif,Mr Zohair Latif,414,India / International,,India
zoya khan,Ms Zoya Khan,415,Seat 18th 3am,51 - Forgiveness,52 - Patience
zoya khan,Ms Zoya Khan,415,India / International,,India
